BITS,ITERATIONS,COMPUTATION,VERIFICATION
512,0,0.013646919559687377,0.01129456689581275
512,1280,0.12529760599136353,0.01058277189731598
512,2560,0.250452197343111,0.022052150750532747
512,3840,0.3541097378358245,0.010397797459736466
512,5120,0.4670437390450388,0.013615452283993364
512,6400,0.5767650640569627,0.009462083401158452
512,7680,0.6963629305362702,0.01564718528650701
512,8960,0.8201320172287524,0.0221000518463552
512,10240,0.9248320533894002,0.007818993730470538
512,11520,1.0625236043706536,0.01760625249706209
512,12800,1.1554431206081062,0.012588297575712204
512,14080,1.2630432554055004,0.015101750334724783
512,15360,1.3879370430484415,0.01129668090492487
512,16640,1.5020217982120811,0.015130785033106805
512,17920,1.6234344015829265,0.0200266233086586
512,19200,1.7587506855838,0.02239314283244312
512,20480,1.8767103655729442,0.019542219340801237
512,21760,1.959153137402609,0.021483225459232928
512,23040,2.070028582541272,0.030134805580601096
512,24320,2.185476302821189,0.016525027360767126
512,25600,2.33941256897524,0.015117489844560622
512,26880,2.401989371748641,0.017207340793684123
512,28160,2.5251220191363246,0.018372445637360214
512,29440,2.65526385223493,0.019619420152157546
512,30720,2.758006918989122,0.02168424416333437
512,32000,2.8755847468040883,0.01796262212097645
512,33280,3.0427203648258,0.022577602583914995
512,34560,3.101594906952232,0.0208174926135689
512,35840,3.228151617804542,0.024080590568482874
512,37120,3.3416220940183847,0.02289496106095612
512,38400,3.4587494609411804,0.02970505414530635
512,39680,3.54425361729227,0.022057632813230157
512,40960,3.663576899887994,0.021500490764155986
1024,0,0.08356341756880284,0.08438799529336392
1024,1280,0.8546591652557254,0.10203669079579412
1024,2560,1.5433699856046588,0.036576726222410795
1024,3840,2.364466048590839,0.07357791665941477
1024,5120,3.191023292625323,0.12323798405006528
1024,6400,3.8617036833893508,0.10011733579449356
1024,7680,4.679074491839856,0.17172062118537723
1024,8960,5.366917188605294,0.08021446663886309
1024,10240,6.129773853579536,0.09825770102441311
1024,11520,6.9866240243427455,0.1063982723467052
1024,12800,7.590629715984687,0.09304103868082166
1024,14080,8.350053490744903,0.07172305965796114
1024,15360,9.139992778422311,0.11115154135040939
1024,16640,9.931795840663835,0.10245307841338218
1024,17920,10.631381937861443,0.08849517181515694
1024,19200,11.413437670329586,0.10813675057142973
1024,20480,12.09360104026273,0.07570616384036839
1024,21760,12.862285000132397,0.11980705797672271
1024,23040,13.623200943134725,0.0894140803348273
1024,24320,14.415712652634829,0.17078607553616165
1024,25600,15.192895343760028,0.16879698597826065
1024,26880,16.222527605621146,0.18283831669017672
1024,28160,16.7632968198508,0.13114988937973976
1024,29440,17.406168873002752,0.1270630477927625
1024,30720,18.121558528766037,0.0713185307290405
1024,32000,18.894143886771054,0.13067246405407787
1024,33280,19.949952686205506,0.052231738492846486
1024,34560,20.75357077862136,0.10763266852125525
1024,35840,21.237860241159797,0.1860634479485452
1024,37120,21.993933850806208,0.1021375223249197
1024,38400,22.74557411344722,0.10806987977586686
1024,39680,23.64274391797371,0.15820763288065792
1024,40960,24.20546943238005,0.11810126286000014
1536,0,0.2740862833801657,0.26409105730243027
1536,1280,2.6853586583398283,0.27031788187101485
1536,2560,5.269839631393552,0.4237245805840939
1536,3840,7.5221252566669135,0.2584555572923273
1536,5120,10.095887676393613,0.4075804203096777
1536,6400,12.435927635524422,0.3557198205124587
1536,7680,14.965759326564148,0.44328107428736985
1536,8960,17.29580930136144,0.36707541668787597
1536,10240,19.715528677636758,0.3480134944524616
1536,11520,21.95739152985625,0.23962215051054955
1536,12800,24.949059006990865,0.41254098193719985
1536,14080,26.85142181003466,0.2875861601252109
1536,15360,29.502332046255468,0.2574169757962227
1536,16640,32.41588689181954,0.5082131322473288
1536,17920,34.86253266199492,0.5243033335916698
1536,19200,36.98561585647985,0.575118779912591
1536,20480,39.26376938344911,0.5276976110227406
1536,21760,42.34868512675166,0.586551854107529
1536,23040,43.84509889101609,0.42312056965194644
1536,24320,46.146362943388525,0.23082377763465048
1536,25600,49.04210817385465,0.6684098955709488
1536,26880,51.018563529662785,0.26033046235330404
1536,28160,54.34627062561922,0.4149689264781773
1536,29440,56.10271875956096,0.45996481508016585
1536,30720,58.11603939216584,0.2821897588018328
1536,32000,60.73248078417964,0.347781305257231
1536,33280,63.344687927421184,0.4809940953180194
1536,34560,65.52664221622982,0.4023443006630987
1536,35840,67.80491793956608,0.24006965334527194
1536,37120,70.65458124517463,0.4399430319946259
1536,38400,73.39247503024527,0.7929233388137072
1536,39680,75.31013666004874,0.2900354790966958
1536,40960,77.77405821178108,0.5835730879940093
2048,0,0.9423109621740877,0.9440458262618631
2048,1280,6.421012145839631,0.8849228742532432
2048,2560,12.988958765380085,1.924315782263875
2048,3840,17.340232870401813,0.7929799222107977
2048,5120,22.912328674132006,0.8000225992221385
2048,6400,30.110958196269348,2.1479093588050455
2048,7680,34.46418722760863,0.8872044117003679
2048,8960,40.43565271538682,1.245122737698257
2048,10240,46.26316081979312,0.7374368355795741
2048,11520,51.23101818957366,1.393785880850628
2048,12800,56.370969392266126,0.43054630994796755
2048,14080,62.26263823062182,1.427964233495295
2048,15360,67.07360476534814,0.9196780190803111
2048,16640,72.57893270826898,0.7672743480559439
2048,17920,79.78848083973863,1.2978868953324854
2048,19200,84.83931549219415,1.9009158312436194
2048,20480,90.78578444006853,1.2581676182895898
2048,21760,94.707566175377,0.6579653677809983
2048,23040,101.71319686761126,0.8506240281369537
2048,24320,106.27163720931858,1.3734780409000813
2048,25600,111.53591610407457,1.0565552502777427
2048,26880,118.25372410039418,0.7248570748604835
2048,28160,124.1107962993905,1.12640275019221
2048,29440,129.6996500342153,0.6262665094528347
2048,30720,134.03736761962062,1.3569271866139025
2048,32000,141.0616096616257,0.9374978078342974
2048,33280,145.40778940981255,1.621047536758706
2048,34560,150.28241329006852,0.7529763810522855
2048,35840,155.90645191115328,0.949843712169677
2048,37120,160.84767641420476,0.4952500443998724
2048,38400,167.29521675324068,1.2406300677545368
2048,39680,172.19164006337525,0.9371121872309596
2048,40960,178.3048857237678,1.5485361889377236
2560,0,2.2943477492313833,2.2964986592158674
2560,1280,11.14204930961132,1.5168038486596196
2560,2560,21.040021870611234,1.8308262767642736
2560,3840,30.221382081368937,1.424408120037988
2560,5120,41.672890837630256,3.1112055110465735
2560,6400,49.2617713203188,1.0705704870820045
2560,7680,60.64192216168158,2.698809976456687
2560,8960,69.00457221055403,1.7350548683665692
2560,10240,78.18617932195775,1.3420643646735697
2560,11520,88.41691845017485,1.928048011334613
2560,12800,98.98653454803862,2.7051097993552684
2560,14080,108.47785232658498,2.562696522921324
2560,15360,117.34291724441573,2.0967291303444653
2560,16640,127.34955808380619,2.447937020258978
2560,17920,136.5753972781822,1.583780563659966
2560,19200,146.25758981704712,2.05625468715094
2560,20480,156.99622149979695,3.27960323096253
2560,21760,165.3443909243215,1.677094213590026
2560,23040,176.86254350054077,3.92872073254548
2560,24320,187.13389366990887,4.250803371369838
2560,25600,194.09480715333484,1.6267431283462792
2560,26880,204.8604442036245,2.7533723730035127
2560,28160,214.01518659247085,2.2700967040657996
2560,29440,225.15596893723122,3.534231430916116
2560,30720,233.05440350803548,1.8507286500465125
2560,32000,243.506494854996,2.07177942186594
2560,33280,253.46335021466948,2.6810434627346695
2560,34560,262.339710365003,1.937426165966317
2560,35840,273.13476067404264,2.925256723705679
2560,37120,280.3114794912748,1.1476344611123204
2560,38400,290.63787206541747,1.3823387026228011
2560,39680,301.7240513818339,3.887124495878816
2560,40960,309.9420346118044,1.6285758351814001
3072,0,5.595912133622915,5.592301145261153
3072,1280,19.691301573440434,3.5264852275699377
3072,2560,36.3230763327796,4.091494044503197
3072,3840,52.51966523816809,4.083946244129911
3072,5120,70.5652348424308,5.938044572249055
3072,6400,86.58112614140846,6.09032916710712
3072,7680,101.64059520517476,4.6812607250269505
3072,8960,118.47938412656076,5.609451747667045
3072,10240,133.98429646035657,4.59607770354487
3072,11520,150.87645835583098,5.355295849433169
3072,12800,166.25351496464572,4.88641646431759
3072,14080,181.5446217069868,3.83437651257962
3072,15360,196.61866665240376,1.806790606090799
3072,16640,217.4848845599685,7.88736144577153
3072,17920,231.73330557341689,6.1758411560487
3072,19200,245.4289995378349,2.84239780834876
3072,20480,263.6747928590048,5.096811299044639
3072,21760,278.48130951146595,3.8547027079202234
3072,23040,300.2985856322106,9.304151174174622
3072,24320,310.12118445001545,3.355091609535739
3072,25600,328.4992240126245,5.602813305417076
3072,26880,343.40767850396225,4.035615995191038
3072,28160,361.76806425941174,7.000803762217983
3072,29440,375.0239995213691,3.359145644614473
3072,30720,394.7139081470203,7.210781700536609
3072,32000,406.7637239098549,3.451336719123647
3072,33280,422.5815667839721,3.4285676500108093
3072,34560,438.3305590008851,3.104585459064692
3072,35840,456.98841367634014,5.216635185033083
3072,37120,471.77679780516775,4.0204079424124215
3072,38400,489.58426758837885,5.680416506510228
3072,39680,508.0797416190617,6.194671533452347
3072,40960,517.9364380501677,1.7017404617276042
3584,0,7.704406570224092,7.7027552049048245
3584,1280,34.58106665336527,9.197119398545475
3584,2560,54.22996201552451,4.448615130782128
3584,3840,83.89870322938077,9.109214547146111
3584,5120,102.58727031149901,2.8833112782705577
3584,6400,127.60384851819836,3.0036882288288327
3584,7680,153.10525834104047,3.429907093718648
3584,8960,181.20564196445048,7.075410825125873
3584,10240,206.52201401344502,7.28867786578834
3584,11520,237.85635693115182,13.381471694139764
3584,12800,259.51351979859174,9.909322612639517
3584,14080,284.44693270442076,10.768181807808578
3584,15360,312.29660399942657,12.93900601964444
3584,16640,328.8812307317741,5.308539925673976
3584,17920,358.2922683398239,8.531166331907734
3584,19200,381.06607010238804,7.471040645949542
3584,20480,413.28929336648434,14.75269430730492
3584,21760,427.84977457262573,4.78455651415512
3584,23040,462.7122260812204,13.849658904150129
3584,24320,482.504050635593,8.523215623786673
3584,25600,507.01471413020045,7.814696504035965
3584,26880,528.4382794672623,6.060997000010684
3584,28160,555.5156403941568,6.349882834842429
3584,29440,576.1515889238101,3.336482457304373
3584,30720,604.9325499092229,6.567737337760628
3584,32000,637.1365742695518,13.977007825551555
3584,33280,657.3108190294355,7.677200945951045
3584,34560,689.520373799745,15.420308416532352
3584,35840,710.5420493250247,12.427290177680552
3584,37120,734.3129807269667,10.139070253297687
3584,38400,754.8182517298497,5.651132685430348
3584,39680,781.3954839475919,7.545072324685752
3584,40960,806.9624243181199,7.450984642161057
4096,0,16.746886644884945,16.75922119121067
4096,1280,56.72976424368098,20.21715613747947
4096,2560,83.67701430860907,10.187985488856212
4096,3840,127.0446001952514,17.40077125603333
4096,5120,169.9197753264103,22.697885245867074
4096,6400,195.0567530834116,12.218242260189728
4096,7680,225.72128905639983,6.040696701481938
4096,8960,275.76664922502823,19.804349713912234
4096,10240,306.8472248400096,13.582637632684783
4096,11520,343.99397552143785,14.961722227381543
4096,12800,378.02722451719455,11.077616727091373
4096,14080,415.19146203040145,12.975804205248131
4096,15360,449.25708512235434,10.10149450868368
4096,16640,484.2955728382338,8.703351016491652
4096,17920,522.0052343544085,8.543419062681496
4096,19200,552.6003853977658,3.24361598148942
4096,20480,593.9395688853692,8.215702281016856
4096,21760,641.9797862365842,19.732454585786908
4096,23040,678.0528023159598,14.549363325200975
4096,24320,708.529532200005,9.253440308384597
4096,25600,748.7009695007466,17.42289403225295
4096,26880,777.5549716753885,9.444791408004239
4096,28160,814.94150076597,9.937404756667092
4096,29440,849.9896947028116,8.853769269157201
4096,30720,896.8535493325442,18.435314899608493
4096,32000,923.9585568708368,9.889149352191016
4096,33280,954.9906195114366,4.708523213062436
4096,34560,1003.3689710518345,8.874004208222031
4096,35840,1038.9495351123624,15.029443233981729
4096,37120,1077.7239360253327,16.07643044726923
4096,38400,1118.628524865629,21.752070563500748
4096,39680,1141.0813455806115,5.94428591622971
4096,40960,1179.9470365788322,9.336265825750306
